title,url
Home,https://www.pbs.gov.pk
About PBS,#
About Us,https://www.pbs.gov.pk/about
History,https://www.pbs.gov.pk/history
Vision,https://www.pbs.gov.pk/vision
Mission,https://www.pbs.gov.pk/mission
Organogram,https://www.pbs.gov.pk/organogram/
Contact us,https://www.pbs.gov.pk/contact-1/
pbs@pbs.gov.pk,mailto:pbs@pbs.gov.pk%20
Services,#
Classifications,https://www.pbs.gov.pk/classifications/
Data Citations,https://www.pbs.gov.pk/data-citations/
Data Dissemination,https://www.pbs.gov.pk/data-dissemination/
GIS Lab,https://www.pbs.gov.pk/gis/
PSDP Projects,https://www.pbs.gov.pk/psdp-projects/
Sample Design,https://www.pbs.gov.pk/sample-design/
IT Services,https://www.pbs.gov.pk/dp-center/
NSDP,https://www.pbs.gov.pk/nsdp/
Field Services,https://www.pbs.gov.pk/field-services-landing-page/
Data Request,https://www.pbs.gov.pk/data-information-request-form/
Training (Domestic/Local),https://www.pbs.gov.pk/training-domestic-local/
Training Wing,https://www.pbs.gov.pk/training-wing-web-portal-page/
Statistics,#
Price Statistics,https://www.pbs.gov.pk/price-statistics/
National Accounts,https://www.pbs.gov.pk/national-accounts-2/
Agri Statistics,https://www.pbs.gov.pk/agriculture-sector-of-pakistan-importance-role-key-statistics/
Survey on COVID-19,https://www.pbs.gov.pk/survey-on-covid-19/
PSLM,https://www.pbs.gov.pk/pslm-3/
Labour Force,https://www.pbs.gov.pk/labour-force-statistics/
Industry,https://www.pbs.gov.pk/industry-2/
Population Statistics,https://www.pbs.gov.pk/census/
Social Statistics,https://www.pbs.gov.pk/social-statistics-2/
Disability Stats,https://www.pbs.gov.pk/disability-statistics-2/
Trade,https://www.pbs.gov.pk/external-trade-statistics
Energy & Mining,https://www.pbs.gov.pk/energy-mining-2/
Business Register,https://www.pbs.gov.pk/business-register-2/
Survey,#
PSLM,https://www.pbs.gov.pk/pslm-3/
HIES,https://www.pbs.gov.pk/hies/
LFS,https://www.pbs.gov.pk/labour-force-statistics/
PDS,https://www.pbs.gov.pk/pds/
Census,#
Population and Housing 2023,https://www.pbs.gov.pk/census/
Population Census [Archive],https://www.pbs.gov.pk/censusarchive/
Economic Census,https://www.pbs.gov.pk/pakistan-bureau-of-statistics-economic-statistics-production/
Agriculture Census,https://www.pbs.gov.pk/agriculture-census/
Mouza Census,https://www.pbs.gov.pk/mouza-census/
Media,#
Publications,https://www.pbs.gov.pk/publication-2
Jobs,https://www.pbs.gov.pk/job-openings/
Press Release,https://www.pbs.gov.pk/?page_id=11078
Rebuttal,https://www.pbs.gov.pk/?page_id=11925
Tenders,https://www.pbs.gov.pk/?page_id=5911
Child Labour Survey Graph,https://www.pbs.gov.pk/content/child-labour-survey-graph/
DataFest,https://www.pbs.gov.pk/datafestival/
Gallery,https://www.pbs.gov.pk/image-gallery/
Data Insights,#
National Account,https://na.data.gov.pk/
Crime Statistics,http://social.data.gov.pk
Population Census 2023,https://census23.pbos.gov.pk/
Crop Statistics,http://na.data.gov.pk/Crops/Home
Price,http://dssi.data.gov.pk
Digital Census 2023,https://census23.pbos.gov.pk/
Trade Statistics,https://tradedashboard.data.gov.pk/Home/Login
HIES SDGs,https://pslm-sdgs.data.gov.pk/sdgs/index
Pakistan Spatial Insights,http://psi.pbos.gov.pk
Mouza Census,http://mc2020.pbos.gov.pk/
PSLM SDGs,https://pslm-sdgs.data.gov.pk/districtlevel
Form-I,Material/Form-1_Urdu_Listing_Agri_Census_2024%20.pdf
Form-II,Material/Form-2_Urdu_Agri_Census_2024%20.pdf
Form-III (A&B),Material/Form-3%20Urdu%20Agri%20Census%202024%20-%20Final.pdf
workable groups,Material/23-04-24-working%20group%2023-04-2024-2.docx
agcensus@yahoo.com,mailto:agcensus@lhr.paknet.com.pk
agcensus@yahoo.com,mailto:agcensus@lhr.paknet.com.pk
Mouza Census 2020 Punjab Report,https://www.pbs.gov.pk/wp-content/uploads/2020/07/mouza_census_2020_punjab_report.pdf
Mouza Census 2020 Sindh Report,https://www.pbs.gov.pk/wp-content/uploads/2020/07/mouza_census_2020_sindh_report.pdf
Mouza Census 2020 Khyber Pakhtunkhwa Report,https://www.pbs.gov.pk/wp-content/uploads/2020/07/mouza_census_2020_kpreport.pdf
Mouza Census 2020 Balochistan Report,https://www.pbs.gov.pk/wp-content/uploads/2020/07/mouza_census_2020_kpreport.pdf
Pakistan Mouza Census2020 (Country Report),https://www.pbs.gov.pk/wp-content/uploads/2020/07/mouza_census_2020_country_report.pdf
Download Report Census of Key Finding Report of Mouza Census-2020 [PDF],https://www.pbs.gov.pk/wp-content/uploads/2020/07/mouza_census_key_findings_report.pdf
WRITE-UP Agricultural Census 2010,https://www.pbs.gov.pk/wp-content/uploads/2020/07/WRITE-UP-AGRI.-CENSUS-2010-1.pdf
All Pakistan Tables (In Acres),https://www.pbs.gov.pk/sites/default/files/agriculture/publications/agricultural_census2010/Tables%20%28Pakistan%20-%20In%20Acres%29.pdf
All Pakistan Tables (In Hectares),https://www.pbs.gov.pk/wp-content/uploads/2020/07/Tables-Pakistan-In-Hectares.pdf
KPK-Province Tabulation,https://www.pbs.gov.pk/wp-content/uploads/2020/07/Tabulation-of-KPK-Province.pdf
Punjab Province Tabulation,https://www.pbs.gov.pk/wp-content/uploads/2020/07/Tabulation-TABLES-of-Punjab-Province.pdf
Sindh Pronince Tabulation,https://www.pbs.gov.pk/wp-content/uploads/2020/07/Tabulation-Sindh-Province.pdf
Balochistan Province Tabulation,https://www.pbs.gov.pk/wp-content/uploads/2020/07/Tabulation-Sindh-Province.pdf
Click here to View Complete Report of Agricultural Census 2010 ( PDF File),https://www.pbs.gov.pk/wp-content/uploads/2020/07/agricultural_census2010.pdf
in Acers [PDF],https://www.pbs.gov.pk/wp-content/uploads/2020/07/table01a.pdf
in Hectares [PDF],https://www.pbs.gov.pk/wp-content/uploads/2020/07/table01h.pdf
in Acers [PDF],https://www.pbs.gov.pk/wp-content/uploads/2020/07/table02a.pdf
in Hectares [PDF],https://www.pbs.gov.pk/wp-content/uploads/2020/07/table02h.pdf
in Acers [PDF],https://www.pbs.gov.pk/wp-content/uploads/2020/07/table03a.pdf
in Hectares [PDF],https://www.pbs.gov.pk/wp-content/uploads/2020/07/table03h.pdf
in Acers [PDF],https://www.pbs.gov.pk/sites/default/files/agriculture/publications/agricultural_census2010/table04a.pdf
in Hectares [PDF],https://www.pbs.gov.pk/sites/default/files/agriculture/publications/agricultural_census2010/table04h.pdf
in Acers [PDF],https://www.pbs.gov.pk/sites/default/files/agriculture/publications/agricultural_census2010/table05a.pdf
in Hectares [PDF],https://www.pbs.gov.pk/sites/default/files/agriculture/publications/agricultural_census2010/table05h.pdf
in Acers [PDF],https://www.pbs.gov.pk/sites/default/files/agriculture/publications/agricultural_census2010/table06a.pdf
in Hectares [PDF],https://www.pbs.gov.pk/sites/default/files/agriculture/publications/agricultural_census2010/table06h.pdf
in Acers [PDF],https://www.pbs.gov.pk/sites/default/files/agriculture/publications/agricultural_census2010/table07a.pdf
in Hectares [PDF],https://www.pbs.gov.pk/sites/default/files/agriculture/publications/agricultural_census2010/table07h.pdf
in Acers [PDF],https://www.pbs.gov.pk/sites/default/files/agriculture/publications/agricultural_census2010/table08a.pdf
in Hectares [PDF],https://www.pbs.gov.pk/sites/default/files/agriculture/publications/agricultural_census2010/table08h.pdf
in Acers [PDF],https://www.pbs.gov.pk/sites/default/files/agriculture/publications/agricultural_census2010/table09a.pdf
in Hectares [PDF],https://www.pbs.gov.pk/sites/default/files/agriculture/publications/agricultural_census2010/table09h.pdf
in Acers [PDF],https://www.pbs.gov.pk/sites/default/files/agriculture/publications/agricultural_census2010/table10a.pdf
in Hectares [PDF],https://www.pbs.gov.pk/sites/default/files/agriculture/publications/agricultural_census2010/table10h.pdf
in Acers [PDF],https://www.pbs.gov.pk/sites/default/files/agriculture/publications/agricultural_census2010/table11a.pdf
in Hectares [PDF],https://www.pbs.gov.pk/sites/default/files/agriculture/publications/agricultural_census2010/table11h.pdf
in Acers [PDF],https://www.pbs.gov.pk/sites/default/files/agriculture/publications/agricultural_census2010/table12a.pdf
in Hectares [PDF],https://www.pbs.gov.pk/sites/default/files/agriculture/publications/agricultural_census2010/table12h.pdf
in Acers [PDF],https://www.pbs.gov.pk/sites/default/files/agriculture/publications/agricultural_census2010/table13a.pdf
in Hectares [PDF],https://www.pbs.gov.pk/sites/default/files/agriculture/publications/agricultural_census2010/table13h.pdf
Write-up on Mouza Census 2008 report,https://www.pbs.gov.pk/wp-content/uploads/2020/07/Write-up-on-Mouza-Census-2008-report.pdf
Country Report on Mouza Census 2008 Table 1 to 29 & Questionnaire,https://www.pbs.gov.pk/wp-content/uploads/2020/07/Country-Report-on-Mouza-Census-2008-Table-1-to-29-Questionnaire-PDF.pdf
KPK Province Report on Mouza Census 2008,https://www.pbs.gov.pk/wp-content/uploads/2020/07/Report-on-Mouza-Census-2008-KPK-Province.pdf
Punjab Province Report on Mouza Census 2008,https://www.pbs.gov.pk/wp-content/uploads/2020/07/Report-on-Mouza-Census-2008-Punjab-Province.pdf
Sindh Pronince Report on Mouza Census 2008,https://www.pbs.gov.pk/wp-content/uploads/2020/07/Report-on-Mouza-Census-2008-Sindh-Province.pdf
Balochistan Province Report on Mouza Census 2008,https://www.pbs.gov.pk/wp-content/uploads/2020/07/Report-on-Mouza-Census-2008-Balochistan-Province.pdf
Title,https://www.pbs.gov.pk/sites/default/files/agriculture/publications/pakistan-mouza-census2008/title.pdf
Preface,https://www.pbs.gov.pk/sites/default/files/agriculture/publications/pakistan-mouza-census2008/preface.pdf
Contents,https://www.pbs.gov.pk/sites/default/files/agriculture/publications/pakistan-mouza-census2008/contents.pdf
Main Findings,https://www.pbs.gov.pk/sites/default/files/agriculture/publications/pakistan-mouza-census2008/findings.pdf
Census Report,https://www.pbs.gov.pk/sites/default/files/agriculture/publications/pakistan-mouza-census2008/report.pdf
"Number of kanunugo circles,patwar circles and mouzas with status",https://www.pbs.gov.pk/sites/default/files/agriculture/publications/pakistan-mouza-census2008/pakistan-tab1-A.pdf
Mouzas reporting number of settlements,https://www.pbs.gov.pk/sites/default/files/agriculture/publications/pakistan-mouza-census2008/pakistan-tab2-A.pdf
Mouzas reporting major crops,https://www.pbs.gov.pk/sites/default/files/agriculture/publications/pakistan-mouza-census2008/pakistan-tab3-B.pdf
Mouzas reporting sources of irrigation and water course improvement scheme,https://www.pbs.gov.pk/sites/default/files/agriculture/publications/pakistan-mouza-census2008/pakistan-tab4-A.pdf
Mouzas reporting veterinary facilities,https://www.pbs.gov.pk/sites/default/files/agriculture/publications/pakistan-mouza-census2008/pakistan-tab5-B.pdf
Distance of Mouzas from wholesale markets,https://www.pbs.gov.pk/sites/default/files/agriculture/publications/pakistan-mouza-census2008/pakistan-tab6-A.pdf
Distance of Mouzas from retail market (Bazar) and sources of agricultural inputs supplies,https://www.pbs.gov.pk/sites/default/files/agriculture/publications/pakistan-mouza-census2008/pakistan-tab7-A.pdf
Mouzas reporting credit facility by type of institution and by gender,https://www.pbs.gov.pk/sites/default/files/agriculture/publications/pakistan-mouza-census2008/pakistan-tab8-A.pdf
Distance of Mouzas from commercial bank and on-line banking facility,https://www.pbs.gov.pk/sites/default/files/agriculture/publications/pakistan-mouza-census2008/pakistan-tab9-A.pdf
Mouzas reporting sources of employment by gender,https://www.pbs.gov.pk/sites/default/files/agriculture/publications/pakistan-mouza-census2008/pakistan-tab10-A.pdf
Mouzas reporting industries by scale,https://www.pbs.gov.pk/sites/default/files/agriculture/publications/pakistan-mouza-census2008/pakistan-tab11-A.pdf
Mouzas reporting main sources of drinking water,https://www.pbs.gov.pk/sites/default/files/agriculture/publications/pakistan-mouza-census2008/pakistan-tab12-A.pdf
Mouzas reporting taste and filtration facility of drinking water and toilet facility,https://www.pbs.gov.pk/sites/default/files/agriculture/publications/pakistan-mouza-census2008/pakistan-tab13-A.pdf
"Mouzas reporting bricked streets,bricked drains and sewerage system",https://www.pbs.gov.pk/sites/default/files/agriculture/publications/pakistan-mouza-census2008/pakistan-tab14-A.pdf
Distance of Mouzas from various types of health facilities,https://www.pbs.gov.pk/sites/default/files/agriculture/publications/pakistan-mouza-census2008/pakistan-tab15-A.pdf
Mouzas reporting availability of electricity for domestic use,https://www.pbs.gov.pk/sites/default/files/agriculture/publications/pakistan-mouza-census2008/pakistan-tab16-A.pdf
Mouzas reporting availability of fuel for domestic use,https://www.pbs.gov.pk/sites/default/files/agriculture/publications/pakistan-mouza-census2008/pakistan-tab17-A.pdf
Distance of Mouzas from the facilities of diesel/petrol pump and depot/agency as well as CNG/LPG,https://www.pbs.gov.pk/sites/default/files/agriculture/publications/pakistan-mouza-census2008/pakistab-tab18-A.pdf
Distance of Mouzas from facility of metal led road and transport,https://www.pbs.gov.pk/sites/default/files/agriculture/publications/pakistan-mouza-census2008/pakistan-tab19-A.pdf
Distance of Mouzas from post office,https://www.pbs.gov.pk/sites/default/files/agriculture/publications/pakistan-mouza-census2008/pakistan-tab20-A.pdf
Distance of Mouzas from telecommunication facilities,https://www.pbs.gov.pk/sites/default/files/agriculture/publications/pakistan-mouza-census2008/pakistan-tab21-A.pdf
Mouzas reporting mass communication facilities by type of media,https://www.pbs.gov.pk/sites/default/files/agriculture/publications/pakistan-mouza-census2008/pakistan-tab22-A.pdf
Mouzas reporting construction type of the houses,https://www.pbs.gov.pk/sites/default/files/agriculture/publications/pakistan-mouza-census2008/pakistan-tab23-A.pdf
"Distance of Mouzas from primary,middle,high/higher secondary school,college and vocational centre for boys",https://www.pbs.gov.pk/sites/default/files/agriculture/publications/pakistan-mouza-census2008/pakistan-tab24-A.pdf
"Distance of Mouzas from primary,middle,high/higher secondary school,college and vocational centre for girls",https://www.pbs.gov.pk/sites/default/files/agriculture/publications/pakistan-mouza-census2008/pakistan-tab25-A.pdf
Mouzas reporting regular playgrounds facility by gender and by type of sports,https://www.pbs.gov.pk/sites/default/files/agriculture/publications/pakistan-mouza-census2008/pakistan-tab26-A.pdf
Mouzas reporting regular teams by gender and by type of sports,https://www.pbs.gov.pk/sites/default/files/agriculture/publications/pakistan-mouza-census2008/pakistan-tab27-A.pdf
Mouzas reporting,https://www.pbs.gov.pk/sites/default/files/agriculture/publications/pakistan-mouza-census2008/pakistan-tab26-A.pdf
social organizations by gender,https://www.pbs.gov.pk/sites/default/files/agriculture/publications/pakistan-mouza-census2008/pakistan-tab28-A.pdf
Mouzas reporing community reconciliation systems and distance of Mouzas from concerned police station/post,https://www.pbs.gov.pk/sites/default/files/agriculture/publications/pakistan-mouza-census2008/pakistan-tab29-A.pdf
All Pakistan Report (Introduction),https://www.pbs.gov.pk/wp-content/uploads/2020/07/All-Pakistan-Report-Introduction.pdf
All Pakistan Report Livestock Census 2006,https://www.pbs.gov.pk/sites/default/files/agriculture/publications/pakistan-livestock-cencus2006/All%20Pakistan%20Report%20Livestock%20Census%202006%20%28PDF%29.pdf
KPK Province ReportLivestock Census 2006,https://www.pbs.gov.pk/?page_id=7442
Punjab Province ReportLivestock Census 2006,https://www.pbs.gov.pk/wp-content/uploads/2020/07/Punjab-Province-Livestock-Census-2006.pdf
SINDH Province ReportLivestock Census 2006,https://www.pbs.gov.pk/wp-content/uploads/2020/07/SINDH-Province-Report-Livestock-Census-2006-PDF.pdf
Balochistan Province ReportLivestock Census 2006,https://www.pbs.gov.pk/wp-content/uploads/2020/07/Balochistan-Province-Livestock-Census-2006-PDF.pdf
"Special Report – Data on Milk Yield and its Parameters, Animals Slaughtered for Meat and Commercial Poultry",https://www.pbs.gov.pk/node/226
Write-up Pakistan Agricultural Machinery Census 2004,https://www.pbs.gov.pk/wp-content/uploads/2020/07/Write-up-of-Agri.-Mach.-Census-2004-New.pdf
All Pakistan Report Tables,https://www.pbs.gov.pk/wp-content/uploads/2020/07/ALL-PAKISTAN-REPORT.pdf
KPK Province Tables,https://www.pbs.gov.pk/wp-content/uploads/2020/07/NWFP-Province-full.pdf
Punjab Province Tables,https://www.pbs.gov.pk/wp-content/uploads/2020/07/Punjab-Province-Agri.-Machinery-Census-2004.pdf
Sindh Pronince Tables,https://www.pbs.gov.pk/wp-content/uploads/2020/07/SINDH-Province-full.pdf
Balochistan Province Tables,https://www.pbs.gov.pk/wp-content/uploads/2020/07/BALOCHISTAN-Province.pdf
1,https://www.pbs.gov.pk/sites/default/files/agriculture/publications/agricultural_machinery_census_2004/%20width=
Tractors by type of ownership,https://www.pbs.gov.pk/sites/default/files/agriculture/publications/agricultural_machinery_census_2004/tab1.pdf
2,https://www.pbs.gov.pk/sites/default/files/agriculture/publications/agricultural_machinery_census_2004/%20width=
Tractors by make and horsepower,https://www.pbs.gov.pk/sites/default/files/agriculture/publications/agricultural_machinery_census_2004/tab2.pdf
3,https://www.pbs.gov.pk/sites/default/files/agriculture/publications/agricultural_machinery_census_2004/%20width=
Privately owned Massey Ferguson Tractors by model and year of purchase,https://www.pbs.gov.pk/sites/default/files/agriculture/publications/agricultural_machinery_census_2004/tab3.pdf
4,https://www.pbs.gov.pk/sites/default/files/agriculture/publications/agricultural_machinery_census_2004/%20width=
Privately owned Ford Tractors by model and year of purchase,https://www.pbs.gov.pk/sites/default/files/agriculture/publications/agricultural_machinery_census_2004/tab4.pdf
5,https://www.pbs.gov.pk/sites/default/files/agriculture/publications/agricultural_machinery_census_2004/%20width=
Privately owned Fiat Tractors by model and year of purchase,https://www.pbs.gov.pk/sites/default/files/agriculture/publications/agricultural_machinery_census_2004/tab5.pdf
6,https://www.pbs.gov.pk/sites/default/files/agriculture/publications/agricultural_machinery_census_2004/%20width=
Privately owned International Tractors by model and year of purchase,https://www.pbs.gov.pk/sites/default/files/agriculture/publications/agricultural_machinery_census_2004/tab6.pdf
7,https://www.pbs.gov.pk/sites/default/files/agriculture/publications/agricultural_machinery_census_2004/%20width=
Privately owned Belarus and IMT Tractors by model and year of purchase,https://www.pbs.gov.pk/sites/default/files/agriculture/publications/agricultural_machinery_census_2004/tab7.pdf
8,https://www.pbs.gov.pk/sites/default/files/agriculture/publications/agricultural_machinery_census_2004/%20width=
Privately owned Zetor and Deutz Tractors by model and year of purchase,https://www.pbs.gov.pk/sites/default/files/agriculture/publications/agricultural_machinery_census_2004/tab8.pdf
9,https://www.pbs.gov.pk/sites/default/files/agriculture/publications/agricultural_machinery_census_2004/%20width=
Privately owned Zadrugar and Ursus Tractors by model and year of purchase,https://www.pbs.gov.pk/sites/default/files/agriculture/publications/agricultural_machinery_census_2004/tab9.pdf
10,https://www.pbs.gov.pk/sites/default/files/agriculture/publications/agricultural_machinery_census_2004/%20width=
Privately owned John Deere and Universal Tractors by model and year of purchase,https://www.pbs.gov.pk/sites/default/files/agriculture/publications/agricultural_machinery_census_2004/tab10.pdf
11,https://www.pbs.gov.pk/sites/default/files/agriculture/publications/agricultural_machinery_census_2004/%20width=
Privately owned Miscellaneous Tractors by model and year of purchase,https://www.pbs.gov.pk/sites/default/files/agriculture/publications/agricultural_machinery_census_2004/tab11.pdf
12,https://www.pbs.gov.pk/sites/default/files/agriculture/publications/agricultural_machinery_census_2004/%20width=
Private tractors purchased as new or used and their present condition by year of purchase,https://www.pbs.gov.pk/sites/default/files/agriculture/publications/agricultural_machinery_census_2004/tab12.pdf
13,https://www.pbs.gov.pk/sites/default/files/agriculture/publications/agricultural_machinery_census_2004/%20width=
Private tractor owners and tractors by horsepower and type of household,https://www.pbs.gov.pk/sites/default/files/agriculture/publications/agricultural_machinery_census_2004/tab13.pdf
14,https://www.pbs.gov.pk/sites/default/files/agriculture/publications/agricultural_machinery_census_2004/%20width=
Leveling and cultivating equipments owned by tractor owners,https://www.pbs.gov.pk/sites/default/files/agriculture/publications/agricultural_machinery_census_2004/tab14.pdf
15,https://www.pbs.gov.pk/sites/default/files/agriculture/publications/agricultural_machinery_census_2004/%20width=
Leveling and cultivating equipments rented in by private tractor owners and by type of household,https://www.pbs.gov.pk/sites/default/files/agriculture/publications/agricultural_machinery_census_2004/tab15.pdf
16,https://www.pbs.gov.pk/sites/default/files/agriculture/publications/agricultural_machinery_census_2004/%20width=
Leveling and cultivating equipments intended to be purchased by tractor owners and by type of household,https://www.pbs.gov.pk/sites/default/files/agriculture/publications/agricultural_machinery_census_2004/tab16.pdf
17,https://www.pbs.gov.pk/sites/default/files/agriculture/publications/agricultural_machinery_census_2004/%20width=
"Sowing, fertilizing and spraying equipments owned by tractor owners",https://www.pbs.gov.pk/sites/default/files/agriculture/publications/agricultural_machinery_census_2004/tab17.pdf
18,https://www.pbs.gov.pk/sites/default/files/agriculture/publications/agricultural_machinery_census_2004/%20width=
"Sowing, fertilizing and spraying equipments rented in by private tractor owners by type of household",https://www.pbs.gov.pk/sites/default/files/agriculture/publications/agricultural_machinery_census_2004/tab18.pdf
19,https://www.pbs.gov.pk/sites/default/files/agriculture/publications/agricultural_machinery_census_2004/%20width=
"Sowing, fertilizing and spraying equipments intended to be purchased by private tractor owners by type of household",https://www.pbs.gov.pk/sites/default/files/agriculture/publications/agricultural_machinery_census_2004/tab19.pdf
20,https://www.pbs.gov.pk/sites/default/files/agriculture/publications/agricultural_machinery_census_2004/%20width=
"Harvesting, haulage and processing equipments owned by tractor owners",https://www.pbs.gov.pk/sites/default/files/agriculture/publications/agricultural_machinery_census_2004/tab20.pdf
21,https://www.pbs.gov.pk/sites/default/files/agriculture/publications/agricultural_machinery_census_2004/%20width=
"Harvesting, haulage and processing equipments owned by tractor owners by type of household",https://www.pbs.gov.pk/sites/default/files/agriculture/publications/agricultural_machinery_census_2004/tab21.pdf
22,https://www.pbs.gov.pk/sites/default/files/agriculture/publications/agricultural_machinery_census_2004/%20width=
"Harvesting, haulage and processing equipments intended to be purchased by tractor owners by type of household",https://www.pbs.gov.pk/sites/default/files/agriculture/publications/agricultural_machinery_census_2004/tab22.pdf
23,https://www.pbs.gov.pk/sites/default/files/agriculture/publications/agricultural_machinery_census_2004/%20width=
Miscellaneous equipments and machines owned by tractor owners,https://www.pbs.gov.pk/sites/default/files/agriculture/publications/agricultural_machinery_census_2004/tab23.pdf
24,https://www.pbs.gov.pk/sites/default/files/agriculture/publications/agricultural_machinery_census_2004/%20width=
Miscellaneous equipments and machines rented in by private tractor owners and by type of household,https://www.pbs.gov.pk/sites/default/files/agriculture/publications/agricultural_machinery_census_2004/tab24.pdf
25,https://www.pbs.gov.pk/sites/default/files/agriculture/publications/agricultural_machinery_census_2004/%20width=
Miscellaneous equipments and machines intended to be purchased by private tractor owners and by type of household,https://www.pbs.gov.pk/sites/default/files/agriculture/publications/agricultural_machinery_census_2004/tab25.pdf
26,https://www.pbs.gov.pk/sites/default/files/agriculture/publications/agricultural_machinery_census_2004/%20width=
Purchase of tractors and implements during 2003-04 by source of finance and by type of household,https://www.pbs.gov.pk/sites/default/files/agriculture/publications/agricultural_machinery_census_2004/tab26.pdf
27,https://www.pbs.gov.pk/sites/default/files/agriculture/publications/agricultural_machinery_census_2004/%20width=
Purchase of tractors and impliments by source of finance and by year of purchase,https://www.pbs.gov.pk/sites/default/files/agriculture/publications/agricultural_machinery_census_2004/tab27.pdf
28,https://www.pbs.gov.pk/sites/default/files/agriculture/publications/agricultural_machinery_census_2004/%20width=
Physical area covered by private tractors during last 12 months by type of household physical area covered by tractors,https://www.pbs.gov.pk/sites/default/files/agriculture/publications/agricultural_machinery_census_2004/tab28.pdf
29,https://www.pbs.gov.pk/sites/default/files/agriculture/publications/agricultural_machinery_census_2004/%20width=
Use of private tractors for different operations during last 12 months by type of household,https://www.pbs.gov.pk/sites/default/files/agriculture/publications/agricultural_machinery_census_2004/tab29.pdf
30,https://www.pbs.gov.pk/sites/default/files/agriculture/publications/agricultural_machinery_census_2004/%20width=
Use and renting out of private tractor time during last 12 months by type of household,https://www.pbs.gov.pk/sites/default/files/agriculture/publications/agricultural_machinery_census_2004/tab30.pdf
31,https://www.pbs.gov.pk/sites/default/files/agriculture/publications/agricultural_machinery_census_2004/%20width=
Use and renting out of private tractor time during last 12 months by horsepower,https://www.pbs.gov.pk/sites/default/files/agriculture/publications/agricultural_machinery_census_2004/tab31.pdf
32,https://www.pbs.gov.pk/sites/default/files/agriculture/publications/agricultural_machinery_census_2004/%20width=
Use and renting out of private tractor time during last 12 months by yearly hours worked,https://www.pbs.gov.pk/sites/default/files/agriculture/publications/agricultural_machinery_census_2004/tab32.pdf
33,https://www.pbs.gov.pk/sites/default/files/agriculture/publications/agricultural_machinery_census_2004/%20width=
Average tractor hiring charges for different operations by horse power,https://www.pbs.gov.pk/sites/default/files/agriculture/publications/agricultural_machinery_census_2004/tab33.pdf
34,https://www.pbs.gov.pk/sites/default/files/agriculture/publications/agricultural_machinery_census_2004/%20width=
Average tractor hiring charges for different operations by horse power,https://www.pbs.gov.pk/sites/default/files/agriculture/publications/agricultural_machinery_census_2004/tab34.pdf
35,https://www.pbs.gov.pk/sites/default/files/agriculture/publications/agricultural_machinery_census_2004/%20width=
Tractor drivers by status and by type of household,https://www.pbs.gov.pk/sites/default/files/agriculture/publications/agricultural_machinery_census_2004/tab35.pdf
36,https://www.pbs.gov.pk/sites/default/files/agriculture/publications/agricultural_machinery_census_2004/%20width=
Private tractor owners with details of their operated area by size of holdings,https://www.pbs.gov.pk/sites/default/files/agriculture/publications/agricultural_machinery_census_2004/tab36.pdf
37,https://www.pbs.gov.pk/sites/default/files/agriculture/publications/agricultural_machinery_census_2004/%20width=
Private tractor owners by tenure and by type of household,https://www.pbs.gov.pk/sites/default/files/agriculture/publications/agricultural_machinery_census_2004/tab37.pdf
38,https://www.pbs.gov.pk/sites/default/files/agriculture/publications/agricultural_machinery_census_2004/%20width=
Area added to farming by private tractor owners after purchase of tractor by size of holdings area added to farming,https://www.pbs.gov.pk/sites/default/files/agriculture/publications/agricultural_machinery_census_2004/tab38.pdf
39,https://www.pbs.gov.pk/sites/default/files/agriculture/publications/agricultural_machinery_census_2004/%20width=
Change in number of family workers on account of purchase of tractor by type of household,https://www.pbs.gov.pk/sites/default/files/agriculture/publications/agricultural_machinery_census_2004/tab39.pdf
40,https://www.pbs.gov.pk/sites/default/files/agriculture/publications/agricultural_machinery_census_2004/%20width=
Change in number of permanent agricultural workers on account of purchase of tractor by type of household,https://www.pbs.gov.pk/sites/default/files/agriculture/publications/agricultural_machinery_census_2004/tab40.pdf
41,https://www.pbs.gov.pk/sites/default/files/agriculture/publications/agricultural_machinery_census_2004/%20width=
Change in demand for casual workers after purchase of tractor by size of holdings,https://www.pbs.gov.pk/sites/default/files/agriculture/publications/agricultural_machinery_census_2004/tab41.pdf
42,https://www.pbs.gov.pk/sites/default/files/agriculture/publications/agricultural_machinery_census_2004/%20width=
Change in number of work animals on account of purchase of tractor by size of holdings,https://www.pbs.gov.pk/sites/default/files/agriculture/publications/agricultural_machinery_census_2004/tab42.pdf
43,https://www.pbs.gov.pk/sites/default/files/agriculture/publications/agricultural_machinery_census_2004/%20width=
Tractors remained out of order during last 12 months by number of days and by type of household,https://www.pbs.gov.pk/sites/default/files/agriculture/publications/agricultural_machinery_census_2004/tab43.pdf
44,https://www.pbs.gov.pk/sites/default/files/agriculture/publications/agricultural_machinery_census_2004/%20width=
Availability of various type of workshops for private tractors by distance,https://www.pbs.gov.pk/sites/default/files/agriculture/publications/agricultural_machinery_census_2004/tab44.pdf
45,https://www.pbs.gov.pk/sites/default/files/agriculture/publications/agricultural_machinery_census_2004/%20width=
Private tractors repaired during last 12 months by type of workshops and by distance,https://www.pbs.gov.pk/sites/default/files/agriculture/publications/agricultural_machinery_census_2004/tab45.pdf
46,https://www.pbs.gov.pk/sites/default/files/agriculture/publications/agricultural_machinery_census_2004/%20width=
Performance of tractor workshops and availability of spare parts,https://www.pbs.gov.pk/sites/default/files/agriculture/publications/agricultural_machinery_census_2004/tab46.pdf
47,https://www.pbs.gov.pk/sites/default/files/agriculture/publications/agricultural_machinery_census_2004/%20width=
Service interval of private tractors by make,https://www.pbs.gov.pk/sites/default/files/agriculture/publications/agricultural_machinery_census_2004/tab47.pdf
48,https://www.pbs.gov.pk/sites/default/files/agriculture/publications/agricultural_machinery_census_2004/%20width=
Bulldozers and combine harvesters by type of ownership,https://www.pbs.gov.pk/sites/default/files/agriculture/publications/agricultural_machinery_census_2004/tab48.pdf
49,https://www.pbs.gov.pk/sites/default/files/agriculture/publications/agricultural_machinery_census_2004/%20width=
Tube wells and lift pumps by type of power,https://www.pbs.gov.pk/sites/default/files/agriculture/publications/agricultural_machinery_census_2004/tab49.pdf
50,https://www.pbs.gov.pk/sites/default/files/agriculture/publications/agricultural_machinery_census_2004/%20width=
Private tube wells and lift pumps by type of ownership,https://www.pbs.gov.pk/sites/default/files/agriculture/publications/agricultural_machinery_census_2004/tab50.pdf
51,https://www.pbs.gov.pk/sites/default/files/agriculture/publications/agricultural_machinery_census_2004/%20width=
Private centrifugal and turbine tube wells by type of ownership,https://www.pbs.gov.pk/sites/default/files/agriculture/publications/agricultural_machinery_census_2004/tab51.pdf
52,https://www.pbs.gov.pk/sites/default/files/agriculture/publications/agricultural_machinery_census_2004/%20width=
Private wells with pump and sub mercible pumps by type of ownership,https://www.pbs.gov.pk/sites/default/files/agriculture/publications/agricultural_machinery_census_2004/tab52.pdf
53,https://www.pbs.gov.pk/sites/default/files/agriculture/publications/agricultural_machinery_census_2004/%20width=
Tube wells and lift pumps by working condition,https://www.pbs.gov.pk/sites/default/files/agriculture/publications/agricultural_machinery_census_2004/tab53.pdf
54,https://www.pbs.gov.pk/sites/default/files/agriculture/publications/agricultural_machinery_census_2004/%20width=
"Number of private centrifugals, turbines, wells with pump and submersible pumps by working condition",https://www.pbs.gov.pk/sites/default/files/agriculture/publications/agricultural_machinery_census_2004/tab54.pdf
55,https://www.pbs.gov.pk/sites/default/files/agriculture/publications/agricultural_machinery_census_2004/%20width=
All tube wells by type of pump,https://www.pbs.gov.pk/sites/default/files/agriculture/publications/agricultural_machinery_census_2004/tab55.pdf
56,https://www.pbs.gov.pk/sites/default/files/agriculture/publications/agricultural_machinery_census_2004/%20width=
Electric tube wells by type of pump,https://www.pbs.gov.pk/sites/default/files/agriculture/publications/agricultural_machinery_census_2004/tab56.pdf
57,https://www.pbs.gov.pk/sites/default/files/agriculture/publications/agricultural_machinery_census_2004/%20width=
Diesel tube wells by type of pump,https://www.pbs.gov.pk/sites/default/files/agriculture/publications/agricultural_machinery_census_2004/tab57.pdf
58,https://www.pbs.gov.pk/sites/default/files/agriculture/publications/agricultural_machinery_census_2004/%20width=
Private tube wells and lift pumps by year of installation and working condition,https://www.pbs.gov.pk/sites/default/files/agriculture/publications/agricultural_machinery_census_2004/tab58.pdf
59,https://www.pbs.gov.pk/sites/default/files/agriculture/publications/agricultural_machinery_census_2004/%20width=
Private tube wells and lift pumps by size of suction / delivery pipe,https://www.pbs.gov.pk/sites/default/files/agriculture/publications/agricultural_machinery_census_2004/tab59.pdf
60,https://www.pbs.gov.pk/sites/default/files/agriculture/publications/agricultural_machinery_census_2004/%20width=
Private tube wells by type of filter and length,https://www.pbs.gov.pk/sites/default/files/agriculture/publications/agricultural_machinery_census_2004/tab60.pdf
61,https://www.pbs.gov.pk/sites/default/files/agriculture/publications/agricultural_machinery_census_2004/%20width=
Private tube wells and lift pumps by motive power and by type of diesel engine,https://www.pbs.gov.pk/sites/default/files/agriculture/publications/agricultural_machinery_census_2004/tab61.pdf
62,https://www.pbs.gov.pk/sites/default/files/agriculture/publications/agricultural_machinery_census_2004/%20width=
Private tube wells by horse power of electric motor / diesel engine / other power source,https://www.pbs.gov.pk/sites/default/files/agriculture/publications/agricultural_machinery_census_2004/tab62.pdf
63,https://www.pbs.gov.pk/sites/default/files/agriculture/publications/agricultural_machinery_census_2004/%20width=
Private lift pumps by horse power of electric motor / diesel engine / other power source,https://www.pbs.gov.pk/sites/default/files/agriculture/publications/agricultural_machinery_census_2004/tab63.pdf
64,https://www.pbs.gov.pk/sites/default/files/agriculture/publications/agricultural_machinery_census_2004/%20width=
Private tube wells by present depth of water table and by depth of water table at the time of installation,https://www.pbs.gov.pk/sites/default/files/agriculture/publications/agricultural_machinery_census_2004/tab64.pdf
65,https://www.pbs.gov.pk/sites/default/files/agriculture/publications/agricultural_machinery_census_2004/%20width=
Private tube wells reporting difference in water table at present and at the time of installation,https://www.pbs.gov.pk/sites/default/files/agriculture/publications/agricultural_machinery_census_2004/tab65.pdf
66,https://www.pbs.gov.pk/sites/default/files/agriculture/publications/agricultural_machinery_census_2004/%20width=
"Private tube wells by boring, installation agency and fitness of water",https://www.pbs.gov.pk/sites/default/files/agriculture/publications/agricultural_machinery_census_2004/tab66.pdf
67,https://www.pbs.gov.pk/sites/default/files/agriculture/publications/agricultural_machinery_census_2004/%20width=
Re-boring periodicity of private tube wells,https://www.pbs.gov.pk/sites/default/files/agriculture/publications/agricultural_machinery_census_2004/tab67.pdf
68,https://www.pbs.gov.pk/sites/default/files/agriculture/publications/agricultural_machinery_census_2004/%20width=
Private tube wells and lift pumps by tenure and type of household,https://www.pbs.gov.pk/sites/default/files/agriculture/publications/agricultural_machinery_census_2004/tab68.pdf
69,https://www.pbs.gov.pk/sites/default/files/agriculture/publications/agricultural_machinery_census_2004/%20width=
"Source of finance for purchase, boring and installation of private tube wells and lift pumps by type of household",https://www.pbs.gov.pk/sites/default/files/agriculture/publications/agricultural_machinery_census_2004/tab69.pdf
70,https://www.pbs.gov.pk/sites/default/files/agriculture/publications/agricultural_machinery_census_2004/%20width=
"Source of finance for purchase, boring and installation of private tube wells and lift pumps by type and by year of purchase",https://www.pbs.gov.pk/sites/default/files/agriculture/publications/agricultural_machinery_census_2004/tab70.pdf
71,https://www.pbs.gov.pk/sites/default/files/agriculture/publications/agricultural_machinery_census_2004/%20width=
Area irrigated by private tube wells and lift pumps during kharif 2003 and rabi 2003-04 by type of household,https://www.pbs.gov.pk/sites/default/files/agriculture/publications/agricultural_machinery_census_2004/tab71.pdf
72,https://www.pbs.gov.pk/sites/default/files/agriculture/publications/agricultural_machinery_census_2004/%20width=
Area operated by owners of private tube wells / lift pumps by size of holding,https://www.pbs.gov.pk/sites/default/files/agriculture/publications/agricultural_machinery_census_2004/tab72.pdf
73,https://www.pbs.gov.pk/sites/default/files/agriculture/publications/agricultural_machinery_census_2004/%20width=
"Area operated by owners of private tube wells by type, and by owners of private lift pumps",https://www.pbs.gov.pk/sites/default/files/agriculture/publications/agricultural_machinery_census_2004/tab73.pdf
74,https://www.pbs.gov.pk/sites/default/files/agriculture/publications/agricultural_machinery_census_2004/%20width=
Area added to farming after installation of tube wells and lift pumps by size of holding,https://www.pbs.gov.pk/sites/default/files/agriculture/publications/agricultural_machinery_census_2004/tab74.pdf
75,https://www.pbs.gov.pk/sites/default/files/agriculture/publications/agricultural_machinery_census_2004/%20width=
Effect of tube well and lift pump irrigation on productivity of land by size of holding,https://www.pbs.gov.pk/sites/default/files/agriculture/publications/agricultural_machinery_census_2004/tab75.pdf
76,https://www.pbs.gov.pk/sites/default/files/agriculture/publications/agricultural_machinery_census_2004/%20width=
Use and renting out time of private electric tube wells and lift pumps during last 12 months by type of household,https://www.pbs.gov.pk/sites/default/files/agriculture/publications/agricultural_machinery_census_2004/tab76.pdf
77,https://www.pbs.gov.pk/sites/default/files/agriculture/publications/agricultural_machinery_census_2004/%20width=
Use and renting out time of private diesel tube wells and lift pumps during last 12 months by type of household,https://www.pbs.gov.pk/sites/default/files/agriculture/publications/agricultural_machinery_census_2004/tab77.pdf
78,https://www.pbs.gov.pk/sites/default/files/agriculture/publications/agricultural_machinery_census_2004/%20width=
Use and renting out time of private tube wells and lift pumps during last 12 months,https://www.pbs.gov.pk/sites/default/files/agriculture/publications/agricultural_machinery_census_2004/tab78.pdf
79,https://www.pbs.gov.pk/sites/default/files/agriculture/publications/agricultural_machinery_census_2004/%20width=
Private tube wells and lift pumps by purpose of installation,https://www.pbs.gov.pk/sites/default/files/agriculture/publications/agricultural_machinery_census_2004/tab79.pdf
80,https://www.pbs.gov.pk/sites/default/files/agriculture/publications/agricultural_machinery_census_2004/%20width=
Tube well operators by status and by type of household,https://www.pbs.gov.pk/sites/default/files/agriculture/publications/agricultural_machinery_census_2004/tab80.pdf
PDF,https://www.pbs.gov.pk/wp-content/uploads/2020/07/Table_1_National.pdf
Excel,https://www.pbs.gov.pk/wp-content/uploads/2020/07/Table_1_National.xls
PDF,https://www.pbs.gov.pk/wp-content/uploads/2020/07/Table_2_National.pdf
Excel,https://www.pbs.gov.pk/wp-content/uploads/2020/07/Table_2_National.xls
PDF,https://www.pbs.gov.pk/wp-content/uploads/2020/07/Table_3_National.pdf
Excel,https://www.pbs.gov.pk/wp-content/uploads/2020/07/Table_3_National.xls
PDF,https://www.pbs.gov.pk/wp-content/uploads/2020/07/Table_4_National.pdf
Excel,https://www.pbs.gov.pk/wp-content/uploads/2020/07/Table_4_National.xls
PDF,https://www.pbs.gov.pk/sites/default/files/agriculture/agri_census_2024/tables/Table_5_National.pdf
Excel,https://www.pbs.gov.pk/wp-content/uploads/2020/07/Table_5_National.xls
PDF,https://www.pbs.gov.pk/wp-content/uploads/2020/07/Table_6_National.pdf
Excel,https://www.pbs.gov.pk/sites/default/files/agriculture/agri_census_2024/tables/Table_6_National.xls
PDF,https://www.pbs.gov.pk/wp-content/uploads/2020/07/Table_9_National.pdf
Excel,https://www.pbs.gov.pk/wp-content/uploads/2020/07/Table_9_National.xls
PDF,https://www.pbs.gov.pk/wp-content/uploads/2020/07/Table_1_District-1.pdf
Excel,https://www.pbs.gov.pk/wp-content/uploads/2020/07/Table_1_District.xls
PDF,https://www.pbs.gov.pk/wp-content/uploads/2020/07/Table_2_District-1.pdf
Excel,https://www.pbs.gov.pk/wp-content/uploads/2020/07/Table_2_District.xls
PDF,https://www.pbs.gov.pk/wp-content/uploads/2020/07/Table_3_District-1.pdf
Excel,https://www.pbs.gov.pk/wp-content/uploads/2020/07/Table_3_District.xls
PDF,https://www.pbs.gov.pk/wp-content/uploads/2020/07/Table_4_District-1.pdf
Excel,https://www.pbs.gov.pk/wp-content/uploads/2020/07/Table_4_District.xls
PDF,https://www.pbs.gov.pk/wp-content/uploads/2020/07/Table_5_District-1.pdf
Excel,https://www.pbs.gov.pk/wp-content/uploads/2020/07/Table_5_District.xls
PDF,https://www.pbs.gov.pk/wp-content/uploads/2020/07/Table_6_District-1.pdf
Excel,https://www.pbs.gov.pk/wp-content/uploads/2020/07/Table_6_District.xls
PDF,https://www.pbs.gov.pk/wp-content/uploads/2020/07/Table_9_District-1.pdf
Excel,https://www.pbs.gov.pk/wp-content/uploads/2020/07/Table_9_District.xls
Insight,https://www.pbs.gov.pk/wp-content/uploads/2020/07/pakistan.pdf
Province Insight,https://www.pbs.gov.pk/wp-content/uploads/2020/07/kp.pdf
Province Insight,https://www.pbs.gov.pk/sites/default/files/agriculture/agri_census_2024/material/punjab.pdf
Province Insight,https://www.pbs.gov.pk/wp-content/uploads/2020/07/sindh-2.pdf
Province Insight,https://www.pbs.gov.pk/wp-content/uploads/2020/07/balochistan.pdf
Phone:+92 51 9106588,tel:#
Email:pbs@pbs.gov.pk,mailto:pbs@pbs.gov.pk
PSLM,https://www.pbs.gov.pk/?page_id=11968
Price,https://www.pbs.gov.pk/?page_id=7291
Labour Force,https://www.pbs.gov.pk/?page_id=11368
National Accounts,https://www.pbs.gov.pk/?page_id=11402
External Trade,https://www.pbs.gov.pk/external-trade-statistics/
PBS Webmail,https://mail.pbs.gov.pk/
Faqs,https://www.pbs.gov.pk/faqs/
Jobs,https://www.pbs.gov.pk/job-openings/
About,https://www.pbs.gov.pk/about/
Contact Us,https://www.pbs.gov.pk/contact-1/
Facebook-square,https://www.facebook.com/PBSofficialpak
Twitter-square,https://twitter.com/PBSofficialpak
Instagram,https://www.instagram.com/PBSofficialpak
Youtube,https://www.youtube.com/@PakistanBureauofStatistics
